concept,community,degree_w,betweenness,eigenvector,freq
development,0,4.923682182516697,0.060799319727891155,0.24737252757197795,50
model,0,3.8239710900239703,0.11649659863945577,0.21457341509169325,34
sustainable,0,3.766778127056055,0.022959183673469385,0.17087306947253847,20
human,0,2.6147661497681427,0.02806122448979592,0.14075111504681,18
economic,0,2.6064372179304764,0.01998299319727891,0.1379068650091802,17
industry,0,2.3728100357410007,0.007653061224489796,0.13269523872290775,21
environmental,0,2.4450169386639864,0.0017006802721088435,0.11513865032755212,13
sustainable development,0,2.0760777220212394,0.0,0.09661780883531647,11
quality,0,1.871996164002044,0.00935374149659864,0.09213747248541108,12
integration,0,1.307882724122142,0.0,0.08085829065767552,11
economy,0,1.5866401635425096,0.002551020408163265,0.0807411911377987,13
cultural,0,1.5271630396717422,0.002551020408163265,0.0711948129513695,11
china,0,1.3387541577196749,0.0,0.06865688057889348,12
facility,0,1.2453291059889078,0.0017006802721088435,0.06752144329688242,11
policy,0,1.5597388015035076,0.0,0.06674809795787506,10
sustainability,0,1.196826388977024,0.0,0.06583890096839064,14
performance,0,1.2153219587430113,0.004251700680272108,0.06569476455022227,11
public,0,0.6895658263305322,0.0,0.021814266227536946,10
event,1,4.335876452913481,0.03826530612244898,0.2778200438908907,89
sport event,1,4.405096566212629,0.023809523809523808,0.27434648912261456,77
innovation,1,4.4358897450232,0.03571428571428571,0.2678084468309949,76
management,1,4.403067438594467,0.11692176870748298,0.23689750699489376,48
technology,1,2.678706222141761,0.017006802721088433,0.1620958252711981,37
digital,1,2.3932614284582714,0.04804421768707483,0.1350283791064255,23
event sport,1,1.8822565307525674,0.00935374149659864,0.13305382343352454,23
innovation sport,1,1.1209990606619669,0.0017006802721088435,0.0795253966044469,14
information,1,1.2646165924138648,0.003401360544217687,0.0784933612291215,15
innovative,1,0.987478902744395,0.003401360544217687,0.06728905850747251,12
network,1,1.2604032279523572,0.0,0.05966598899219627,11
event management,1,0.7022714868010169,0.0,0.053482883917552286,10
value,1,0.5766540992613255,0.0017006802721088435,0.04170424850480334,12
game,2,2.6513141715195125,0.00467687074829932,0.14148665914684794,19
olympic,2,2.5508758358045927,0.002125850340136054,0.1338537778817489,19
olympic game,2,2.3402251368727343,0.0017006802721088435,0.12869801182219104,15
tourism,3,4.281563540830698,0.04039115646258503,0.2648810776062654,71
sport tourism,3,3.8995000419144668,0.026360544217687073,0.24778329408511837,55
theory,3,1.148449157514919,0.002551020408163265,0.06944709347537784,15
destination,3,0.8166572054172412,0.0,0.05644228926007299,13
market,4,3.7924685996355603,0.030612244897959183,0.2077514127250761,29
social,4,4.18047859918086,0.04889455782312925,0.20356084906179064,30
strategy,4,3.7140863536423505,0.02465986394557823,0.17675070119337627,21
entrepreneurship,4,2.062035683878939,0.033588435374149656,0.12289344293228663,25
service,4,2.030027373374366,0.011479591836734693,0.11488748809724679,17
international,4,2.10380172504872,0.0017006802721088435,0.10378629644964221,13
brand,4,1.3100221545074486,0.0,0.0706102790359191,10
activity,4,1.467220276999689,0.0008503401360544217,0.06894668610694181,10
city,4,1.039757007989347,0.0008503401360544217,0.053861245429282875,13
experience,4,0.8653678779769172,0.0017006802721088435,0.052618982484461715,11
development sport,4,0.8018708604074457,0.0,0.051683838844866596,10
opportunity,4,0.33986175115207373,0.0,0.01829054491224257,11
