Title,Year,Cited by,Source title,Document Type,DOI
Viewing sports online together? Psychological consequences on social live streaming service usage,2020,115,Sport Management Review,Article,10.1016/j.smr.2019.12.007
"Sport event innovativeness: Conceptualization, measurement, and its impact on consumer behavior",2013,75,Sport Management Review,Article,10.1016/j.smr.2012.03.003
Tourism research progress – a bibliometric analysis of tourism review publications,2021,74,Tourism Review,Article,10.1108/TR-11-2019-0449
Corporate social responsibility and social entrepreneurship: drivers of sports sponsorship policy,2017,72,International Journal of Sport Policy,Article,10.1080/19406940.2017.1374297
Motives for Event Volunteering: Extending the Functional Approach,2015,72,Nonprofit and Voluntary Sector Quarterly,Article,10.1177/0899764014527797
"Contemporary issues in events, festivals and destination management",2017,68,International Journal of Contemporary Hospitality Management,Review,10.1108/IJCHM-01-2017-0031
"Design, implementation and assessment of a more sustainable model to manage plastic waste at sport events",2021,61,Journal of Cleaner Production,Article,10.1016/j.jclepro.2020.125345
Winter sports tourism to urban destinations: Identifying potential and comparing motivational differences across skier groups,2021,56,Journal of Outdoor Recreation and Tourism,Article,10.1016/j.jort.2021.100420
A systematic quantitative literature review of empirical research on large-scale sport events’ social legacies,2020,56,Leisure Studies,Article,10.1080/02614367.2020.1800804
"Athlete atypicity on the edge of human achievement: Performances stagnate after the last peak, in 1988",2010,56,PLoS ONE,Article,10.1371/journal.pone.0008800
Innovative Sustainable Tourism Development and Entrepreneurship through Sports Events,2022,47,Sustainability (Switzerland),Article,10.3390/su14084379
Regional sports tourism networks: A conceptual framework,2010,35,Journal of Sport and Tourism,Article,10.1080/14775085.2010.513146
Managing regional sports tourism networks: A network perspective,2013,29,European Sport Management Quarterly,Article,10.1080/16184742.2013.811608
Emerging technologies and sports events: Innovative information and communication solutions,2015,28,"Sport, Business and Management: An International Journal",Article,10.1108/SBM-06-2012-0021
Perception of the culture and education programme of the youth Olympic games by the participating athletes: A case study for Innsbruck 2012,2014,27,International Journal of the History of Sport,Article,10.1080/09523367.2014.909810
The environmental attitudes and behaviours of European golf tourists,2018,26,Sustainability (Switzerland),Article,10.3390/su10072214
Conceptualising innovative business models for sustainable sport tourism,2016,24,International Journal of Sustainable Development and Planning,Article,10.2495/SDP-V11-N3-469-482
Analysis of the coupled and coordinated development of sports and tourism industries and the driving factors,2023,23,Scientific Reports,Article,10.1038/s41598-023-44025-6
Innovations in sport management: The role of motivations and value cocreation at public viewing events,2017,23,Event Management,Article,10.3727/152599516X14786350337262
Epistemological issues on sport tourism: Challenge for a new scientific field,2003,22,Journal of Sport and Tourism,Article,10.1080/14775080306241
Practical implications and future research directions for international sports management,2011,21,Thunderbird International Business Review,Article,10.1002/tie.20451
Leveraging sport mega events for international entrepreneurship,2019,20,International Entrepreneurship and Management Journal,Article,10.1007/s11365-019-00573-w
The 2012 London Olympics: innovations in ICT and social media marketing,2016,19,"Innovation: Management, Policy and Practice",Article,10.1080/14479338.2016.1237305
West indies world cup cricket: Hallmark events as catalysts for community tourism development,2005,18,Journal of Sport and Tourism,Article,10.1080/14775080600806653
"Reflections on the participation of Muslim women in disability sport: hijab, Burkini®, modesty and changing strategies",2011,18,Sport in Society,Article,10.1080/17430437.2011.614788
Testing the accuracy of event economic impact forecasts,2012,17,International Journal of Event and Festival Management,Article,10.1108/17582951211229726
"Entrepreneurship, sport, sustainability and integration: A business model in the low‐season tourism sector",2021,16,Social Sciences,Article,10.3390/socsci10040117
The Green and Low-Carbon Development Effect of Comprehensive Sports Events: A Quasi-Natural Experiment From China,2022,15,Frontiers in Environmental Science,Article,10.3389/fenvs.2022.946993
Analysis of sport management subjects in university Sports Sciences degrees in Spain,2023,15,International Journal of Management Education,Article,10.1016/j.ijme.2023.100771
Sports event portfolios: an innovative tool and a new management paradigm,2022,14,International Journal of Sports Marketing and Sponsorship,Article,10.1108/IJSMS-02-2021-0024
Toward a co-Creation framework for developing a green sports event brand: the case of the 2018 Zürich E Prix,2021,14,Journal of Sport and Tourism,Article,10.1080/14775085.2021.1895872
Online destination marketing: Maximising the tourism potential of a sports event,2010,12,International Journal of Sport Management and Marketing,Article,10.1504/IJSMM.2010.029712
Leveraging sport events for the promotion of human rights in host communities: diffusion of anti-trafficking campaigns at Super Bowl LIV,2023,11,Sport Management Review,Article,10.1080/14413523.2022.2120010
Motivation and high performance sports events: An exploratory investigation of the motives underlying repeated participation,2019,11,International Journal of Sport Management and Marketing,Article,10.1504/IJSMM.2019.097001
Total Quality Management in Sport Tourism and the Hospitality Industry: The Case of Greek Luxury Resorts with Sport and Recreation Facilities and Services,2024,10,Sustainability (Switzerland) ,Article,10.3390/su16051894
Keeping it free: Sport television and public policy in Australia,2023,9,Journal of Digital Media and Policy,Article,10.1386/jdmp_00098_1
The Conception of Application of Computer Virtual Reality Technology in Sports Training,2021,9,Journal of Physics: Conference Series,Conference paper,10.1088/1742-6596/1861/1/012110
“A Labour of Love”: Active Lifestyle Entrepreneurship (Occupational Devotion) During a Time of COVID-19,2021,9,Frontiers in Sports and Active Living,Article,10.3389/fspor.2021.624457
"The Impact of Sporting and Cultural Events in a Heterogeneous Hotel Market: Evidence from Austin, TX",2022,9,Eastern Economic Journal,Article,10.1057/s41302-022-00220-3
Digital Technology and Pentahelix Role Model for Sport Tourism Event of IVCA 2018 in Bali,2018,8,"Proceedings - 2018 International Conference on Applied Science and Technology, iCAST 2018",Conference paper,10.1109/iCAST1.2018.8751618
Sport event innovation: a preliminary conceptualization and directions for future research,2022,8,"Sport, Business and Management: An International Journal",Conference paper,10.1108/SBM-07-2021-0083
"Sustainability, the Athens Marathon and Greece’s sport event sector: lessons of resilience, social innovation and the urban commons",2025,8,Sport in Society,Article,10.1080/17430437.2024.2341063
"Bread and Circuses, Olive Oil and Money: Commercialised Sport in Ancient Greece and Rome",2022,8,International Journal of the History of Sport,Article,10.1080/09523367.2022.2099383
Sustainability evaluation of sports tourism using a linguistic neutrosophic multi-criteria decision-making method,2024,7,PLoS ONE,Article,10.1371/journal.pone.0300341
Technological Innovations in Event Sport Tourism: Case Study of the 2021 Sabre World Cup in Budapest in Hungary,2022,7,Digital Transformation and Innovation in Tourism Events,Book chapter,10.4324/9781003271147-16
Adoption of Entrepreneurial Behaviours in Sports Tourism in Developing Countries,2022,7,Highlights of Sustainability,Article,10.54175/hsustain1020004
The fundamental right to property and the protection of investment: How difficult is it to repeal new intellectual property rights?,2020,7,Research Handbook on Intellectual Property and Investment Law,Book chapter,10.4337/9781788977821.00030
The Quadruple Helix as a Tool for Innovation in Tourism: A Study in the City of Rio de Janeiro in the Post-Olympic Period,2023,7,Tourism Planning and Development,Article,10.1080/21568316.2021.1984287
Identifying motives for engagement in major sport events: The case of the 2017 Barents Summer Games,2018,6,International Journal of Event and Festival Management,Article,10.1108/IJEFM-09-2017-0052
Sports Equipment Manufacturing in India: A Firm-level Inquiry into Growth and Employment Dynamism,2021,6,Industrialisation for Employment and Growth in India: Lessons from Small Firm Clusters and Beyond,Book chapter,10.1017/9781108935920.007
Event Management Evolution Through Non-Fungible Tokens,2023,6,"2023 IEEE International Workshop on Sport, Technology and Research, STAR 2023 - Proceedings",Conference paper,10.1109/STAR58331.2023.10302446
ENTREPRENEURIAL RESILIENCE DURING COVID-19: THE SURVIVAL OF SMALL BUSINESSES USING DYNAMIC CAPABILITIES THEORY AND EFFECTUATION THEORY; [RESILIÊNCIA EMPREENDEDORA DURANTE A COVID-19: A SOBREVIVÊNCIA DAS PEQUENAS EMPRESAS UTILIZANDO A TEORIA DAS CAPACIDADES DINÂMICAS E A TEORIA DA EFETUAÇÃO]; [RESILIENCIA EMPRESARIAL DURANTE COVID-19: LA SUPERVIVENCIA DE LAS PEQUEÑAS EMPRESAS UTILIZANDO LA TEORÍA DE LAS CAPACIDADES DINÁMICAS Y LA TEORÍA DE LA EFECTUACIÓN],2024,6,Revista de Gestao Social e Ambiental ,Article,10.24857/rgsa.v18n7-134
"Innovation drivers, barriers, and strategies of organizing committees for the Olympic games: an embedded single-case study approach",2024,6,European Sport Management Quarterly,Article,10.1080/16184742.2023.2195871
Modeling the Institutional Factors Affecting the Exploitation of Entrepreneurial Opportunities in the Sports Tourism Industry Using an Interpretive-Structural Approach,2022,6,Iranian journal of Management Studies,Article,10.22059/IJMS.2021.312725.674275
"Simple online and realtime tracking people with new ""soft-iou"" metric",2019,6,Proceedings of SPIE - The International Society for Optical Engineering,Conference paper,10.1117/12.2547922
Research on Copyright Protection of Sports Events Based on Blockchain Technology,2021,6,"Proceedings - 2021 International Conference on Information Technology and Contemporary Sports, TCS 2021",Conference paper,10.1109/TCS52929.2021.00097
"Innovation, infocommunication and digital transformation in sport policing and certain aspects of sports",2024,6,"Journal of Infrastructure, Policy and Development",Article,10.24294/jipd.v8i3.2617
Modelling the development of world records in running,2007,5,Statistical Thinking in Sports,Book chapter,10.1201/9781584888697.ch2
Content analysis of research articles in sport tourism of Iran,2020,5,Annals of Applied Sport Science,Article,10.29252/AASSJOURNAL.677
Strategic marketing for sustainable sports travel experiences,2024,5,Journal of Strategic Marketing,Article,10.1080/0965254X.2024.2443418
System dynamics model for sports entrepreneurship ecosystem (case study: Iran),2023,5,Kybernetes,Article,10.1108/K-03-2022-0453
"EXPLORING RESEARCH STREAMS IN SPORT TOURISM MANAGEMENT: A DESCRIPTIVE META-ANALYSIS OF DESTINATION IMAGE, EVENT QUALITY, TOURIST SATISFACTION, AND FUTURE INTENTIONS",2025,5,ABAC Journal,Article,10.59865/abacj.2024.69
The development of marine sports tourism based on experience economy,2020,5,Journal of Coastal Research,Article,10.2112/JCR-SI112-031.1
"‘Stuck in structure’: How young leaders experienced the institutional frames at the Youth Olympic Games in Innsbruck, 2012",2016,5,International Review for the Sociology of Sport,Article,10.1177/1012690214563198
CAN ENTREPRENEURIAL ECOSYSTEMS OPTIMIZE THE IMPACT OF MEGA-SPORT EVENTS? EVIDENCE FROM THE 2014 FIFA WORLD CUP AND 2016 SUMMER OLYMPIC GAMES IN BRAZIL,2022,5,Event Management,Article,10.3727/152599522X16419948390817
Corporate social responsibility: Theory and applications,2017,5,Strategic Human Capital Development and Management in Emerging Economies,Book chapter,10.4018/978-1-5225-1974-4.ch009
Sports tourist's perceptions toward the 2009 Taipei deaflympics: A structural equation modeling approach,2011,5,APBITM 2011 - Proceedings2011 IEEE International Summer Conference of Asia Pacific Business Innovation and Technology Management,Conference paper,10.1109/APBITM.2011.5996314
An Empirical Study on the Development of Marine Sports Tourism in Northern China,2020,5,Journal of Coastal Research,Article,10.2112/SI106-027.1
The Long Economic Thread: Two Millennia of Commercialism and Sport,2023,5,International Journal of the History of Sport,Article,10.1080/09523367.2023.2207472
Innovation of Human Body Positioning System and Basketball Training System,2022,4,Computational Intelligence and Neuroscience,Article,10.1155/2022/2369925
Cultural heritage and sports tourism: a systematic literature review of sustainable destination management practices,2025,4,Frontiers in Sports and Active Living,Review,10.3389/fspor.2025.1680229
"Domesticity, Mass Media and Moving-Image Aesthetics: The Visual Identity of the Eurovision Song Contest as a Hospitable Platform",2022,4,The Eurovision Song Contest as a Cultural Phenomenon: From Concert Halls to the Halls of Academia,Book chapter,10.4324/9781003188933-18
"Health Promotion at the Ballpark: Peanuts, Popcorn, and Mighty Molar",2017,4,Health Promotion Practice,Article,10.1177/1524839916663684
Research on innovative strategy of sporting event logistics management in coastal cities,2020,4,Journal of Coastal Research,Article,10.2112/JCR-SI111-055.1
Innovation of management model of sport event based on knowledge management,2011,4,"Proceedings of 2011 International Conference on Product Innovation Management, ICPIM 2011",Conference paper,10.1109/ICPIM.2011.5983745
The Globalization Path of the Deep Inland Cities Dominated by the International Festivals Based on the Power in Western China: The Comparison between Xining Sports Festival and Yinchuan Cultural Festival,2022,3,Sustainability (Switzerland),Article,10.3390/su142215010
Sports in life of students with disabilities: Individual trajectories of physical abilities development,2021,3,Journal of Human Sport and Exercise,Article,10.14198/jhse.2021.16.Proc4.45
Shaping sustainable perceptions: The role of metaphors in Olympic news discourse,2025,3,PLoS ONE,Article,10.1371/journal.pone.0317380
Development of the Sports Industry: New Opportunities and Challenges,2020,3,Contemporary Social Sciences,Article,10.19873/j.cnki.2096-0212.2020.04.002
A neo-institutionalist analysis of sport event leveraging strategies and tactics,2017,3,International Journal of Sport Management and Marketing,Article,10.1504/IJSMM.2017.10008119
"The effects of motivation, background, attraction and loyalty in the 2010 international thousands swimming cross to Sun Moon Lake",2011,3,APBITM 2011 - Proceedings2011 IEEE International Summer Conference of Asia Pacific Business Innovation and Technology Management,Conference paper,10.1109/APBITM.2011.5996283
Experiential learning in sport tourism curriculum: A case study at the university of the Algarve,2024,3,"Journal of Hospitality, Leisure, Sport and Tourism Education",Article,10.1016/j.jhlste.2024.100510
The role of sports marketing in the global marketplace,2014,3,Strategies in Sports Marketing: Technologies and Emerging Trends,Book chapter,10.4018/978-1-4666-5994-0.ch017
EXPLORING SOCIAL ENTREPRENEURIAL ACTIVITIES AT A COMMUNITY SPORT EVENT IN THE CONTEXT OF THE COVID-19 PANDEMIC,2023,3,Event Management,Article,10.3727/152599523X16847420514737
Navigating Fan Reactions: The Role of Innovation Resistance and Acceptance in Smart Stadium Technology Use,2025,3,Proceedings of the Annual Hawaii International Conference on System Sciences,Conference paper,10.24251/hicss.2025.516
Unveiling the Power Play: Harnessing Branding Opportunities for GlobalizingSport Events – Insights From India's Sporting Landscape,2024,3,Internationalization of Sport Events Through Branding Opportunities,Book chapter,10.4018/979-8-3693-4038-7.ch009
The Influence of the Design and Manufacture of Sports Equipment on Sports,2020,3,Journal of Physics: Conference Series,Conference paper,10.1088/1742-6596/1549/3/032039
Sponsorship of Sports Events: A Tool to Develop Social Entrepreneurship and the Corporate Social Responsibility,2017,3,International Studies in Entrepreneurship,Book chapter,10.1007/978-3-319-50850-4_9
The Youth Olympic Games as an opportunity for sports entrepreneurship,2017,3,International Journal of Sport Management and Marketing,Article,10.1504/IJSMM.2017.10008115
Leveraging digital platforms for responsible sports tourism: Budapest's role in the 2020 European football championship,2024,3,Promoting Responsible Tourism With Digital Platforms,Book chapter,10.4018/979-8-3693-3286-3.ch009
"From a neapolitan perspective, reaching out beyond prevailing cultural models",2021,2,"Global Urbanism: Knowledge, Power and the City",Book chapter,10.4324/9780429259593-40
"The Development Process, Evolutionary Patterns, and Emerging Trends of Ice and Snow Tourism in China; [中国冰雪旅游发展历程、演进规律与新趋向]",2026,2,Journal of Resources and Ecology,Article,10.5814/j.issn.1674-764x.2026.02.001
How is table tennis used to boost the development of Shanghai? Interviewing the executive director of Shanghai Table Tennis Association,2021,2,International Journal of Sports Marketing and Sponsorship,Article,10.1108/IJSMS-04-2020-0049
Identifying Opportunities for Developing Nature-Based Sport Tourism to Improve Health in Papua: A Bibliometric Analysis of Research Over Ten Years,2024,2,Physical Education Theory and Methodology,Review,10.17309/tmfv.2024.5.16
Optimization of ecological sports innovation teaching path based on multiple intelligence evaluation model,2024,2,Applied Mathematics and Nonlinear Sciences,Article,10.2478/amns.2023.1.00470
TOWARDS A FRAMEWORK FOR RESILIENCE BUILDING IN SPORT EVENT TOURISM IN THE DEVELOPING CONTEXT,2025,2,Geojournal of Tourism and Geosites,Article,10.30892/gtg.61354-1564
Research on the development path of integration of rural sports culture and sports tourism in the context of big data,2023,2,Applied Mathematics and Nonlinear Sciences,Article,10.2478/amns.2023.1.00150
Managing sport tourism in communities: Case study in China,2024,2,International Perspectives in Sport Tourism Management,Book chapter,10.4324/9781003476658-11
Transformative blockchain technological approaches to sports events,2025,2,Frontiers in Sports and Active Living,Article,10.3389/fspor.2025.1547137
How sport management can address sustainability: Creating and testing a scale,2025,2,Sustainable Futures,Article,10.1016/j.sftr.2025.101102
Digital Transformation: The Global Sport Industry,2025,2,International Encyclopedia of Business Management,Book chapter,10.1016/B978-0-443-13701-3.00209-7
From data to dollar: Using the wisdom of an online tipster community to improve sports betting returns,2021,2,European Journal of International Management,Article,10.1504/EJIM.2021.113263
"Tourism Suitability, and Carrying Capacity: Prospect Ecotourism (Case Study in Marina Beach Semarang",2020,2,E3S Web of Conferences,Conference paper,10.1051/e3sconf/202020203010
Ecological development strategy of coastal sport projects of jiangsu province,2020,2,Journal of Coastal Research,Article,10.2112/JCR-SI109-025.1
"Initiate, adopt, implement, and transfer: exploring the innovation process undergone by mega-sport event organizing committees",2025,2,Sport Management Review,Article,10.1080/14413523.2025.2466923
"Feasibility study and strategy analysis of low-carbon operation of large-scale sports events under the green development model: An example of building a ""racing city"" in Wuhan",2021,2,E3S Web of Conferences,Conference paper,10.1051/e3sconf/202127502011
Case study of Beijing Olympic games: Network technology application and system control in sports events in China,2011,2,"2011 International Conference on Electronics, Communications and Control, ICECC 2011 - Proceedings",Conference paper,10.1109/ICECC.2011.6066317
Exploration of Profit Model of Beach Sports Based on Data Drive,2023,2,Proceedings of SPIE - The International Society for Optical Engineering,Conference paper,10.1117/12.2667560
3D-live - Live interactions through 3D visual environments,2012,2,ACM International Conference Proceeding Series,Conference paper,10.1145/2331714.2331741
Study on influences of large-scale sports events on regional economy,2011,2,Asian Social Science,Article,10.5539/ass.v7n10p277
Innovative technologies absorption process: The case of the sts timing company operating on the mass sports events market,2020,1,Journal of Physical Education and Sport,Article,10.7752/jpes.2020.s2163
Analysis of network interaction in the context of physical education and sports activities of universities,2020,1,E3S Web of Conferences,Conference paper,10.1051/e3sconf/202020809013
Research on Offline Classification and Counting Algorithm of Long Fitness Video,2022,1,"2022 7th International Conference on Image, Vision and Computing, ICIVC 2022",Conference paper,10.1109/ICIVC55077.2022.9886502
Workforce Planning for the Future of Sports Tourism,2024,1,International Journal of Sport Studies for Health,Article,10.61838/kman.intjssh.7.4.4
"Sport in smart cities: definition, review and future research agenda",2026,1,"Sport, Business and Management: An International Journal",Review,10.1108/SBM-09-2025-0246
Do intellectual property rights affect sports activities?,2024,1,Research Handbook on Intellectual Property Rights and Inclusivity,Book chapter,10.4337/9781803927268.00016
Comparative analysis of digital marketing strategies for live streaming of sporting events,2020,1,Annals of Tropical Medicine and Public Health,Article,10.36295/ASRO.2020.231725
A Model of Enhancing Innovation and Technology and Competition Systems in the Fuzhou Dragon Boat: An Event Management and Service Quality Perspective,2025,1,"Journal of Logistics, Informatics and Service Science",Article,10.33168/JLISS.2025.0501
Sports Tourism,2025,1,International Encyclopedia of Business Management,Book chapter,10.1016/B978-0-443-13701-3.00354-6
Sports as a Competitive Factor for Tourism Destinations: The Case of Porto,2021,1,"Smart Innovation, Systems and Technologies",Conference paper,10.1007/978-981-33-4260-6_45
ANALYSIS OF INNOVATIVE MARKETING IN SPORTS TOURISM AND IDENTIFICATION OF OBSTACLES TO ITS IMPROVEMENT (CASE STUDY: IRAN); [Analiza innowacyjnego marketingu w turystyce sportowej oraz określenie przeszkód uniemożliwiających jego doskonalenie (na przykładzie Iranu)],2024,1,Sport i Turystyka,Article,10.16926/SIT.2024.03.08
Feasibility data of traditional sports industrialization development and informatization development based on big data,2021,1,E3S Web of Conferences,Conference paper,10.1051/e3sconf/202129203037
EXPLORING THE INTEGRATION OF ARTIFICIAL INTELLIGENCE IN THE SPORTS TOURISM INDUSTRY,2024,1,Revista Internacional de Medicina y Ciencias de la Actividad Fisica y del Deporte,Article,10.15366/rimcafd2024.95.014
Golf Club Management Challenges towards Sustainability: Opportunities and Innovations during and after the COVID-19 Pandemic: A Qualitative Perspective,2023,1,Sustainability (Switzerland),Article,10.3390/su151813657
"Development of ""tari Pencak Silat Nusantara"" for Developing and Conserving Pencak Silat as a Nation Cultural Asset towards Globalization",2017,1,IOP Conference Series: Materials Science and Engineering,Conference paper,10.1088/1757-899X/180/1/012179
Research on financing patterns of China's public sports venues,2012,1,Advanced Materials Research,Conference paper,10.4028/www.scientific.net/AMR.368-373.3217
Research on the development situation and countermeasures of Intelligent Equestrian Sport in China,2021,1,"Proceedings - 2021 International Conference on Information Technology and Contemporary Sports, TCS 2021",Conference paper,10.1109/TCS52929.2021.00126
The Analysis of the Artistic Innovation of LED Lighting in Gymnasiums Based on Intelligent Lighting Control Systems,2023,1,International Journal of Information Technologies and Systems Approach,Article,10.4018/IJITSA.326050
Research on Sports and Health Education for College Students in the Internet Era-Taking Media Integration as an Example,2021,1,"Proceedings - 2021 International Conference on Internet, Education and Information Technology, IEIT 2021",Conference paper,10.1109/IEIT53597.2021.00138
Corporate Social Responsibility and Social Entrepreneurship in the Small States of Europe,2025,1,International Encyclopedia of Business Management,Book chapter,10.1016/B978-0-443-13701-3.00277-2
Development Trend of Blockchain Technology in Large-Scale Sports Events in the Information Age,2021,1,Advances in Intelligent Systems and Computing,Conference paper,10.1007/978-3-030-69999-4_27
Hegemony and identity: The evolution of American women’s participation in active sport tourism,2016,1,The Routledge History of American Sport,Book chapter,10.4324/9781315767123-36
Beyond Reality: The Role of Innovation in Virtual Sport Events,2025,1,Engineering Economics,Article,10.5755/j01.ee.36.2.36667
Mega sport events as drivers of entrepreneurship: bridging the gap between economics and psychology,2023,1,International Journal of Entrepreneurship and Small Business,Article,10.1504/IJESB.2023.129293
Digital twin,2024,1,"Encyclopedia of Sport Management, Second Edition",Book chapter,10.4337/9781035317189.ch158
A Review of the Role of Digital Innovation in Sport Management,2024,1,Frontiers in Artificial Intelligence and Applications,Conference paper,10.3233/FAIA240262
Research on Transformation and Upgrading of Sports Industry in Wuhan Economic and Technological Development Zone under Low Carbon Concept,2021,1,E3S Web of Conferences,Conference paper,10.1051/e3sconf/202129202060
Conclusion,2016,0,Palgrave Studies in the History of the Media,Book chapter,10.1057/978-1-137-45501-7_16
Football tourism legacies of mega-events: a systematic literature review on sustainable development goals,2026,0,Journal of Sport and Tourism,Review,10.1080/14775085.2026.2707125
Drivers and dynamic mechanisms of sports tourism integration in cross-border regions: Evidence from the Guangdong-Hong Kong-Macao Greater Bay Area,2026,0,PLOS ONE,Article,10.1371/journal.pone.0344124
Assessment of the Impact of Green Sports Policies on Waste Management Performance in Sports Events: A Case Study of China,2026,0,Journal of Solid Waste Technology and Management,Article,10.5276/jswtm/iswmaw/521/2026.110
The role of sports tourism in promoting talent cultivation in the tourism industry with research on the construction of evaluation models based on deep learning,2026,0,Journal of Big Data,Article,10.1186/s40537-026-01458-w
Innovations in the Integration of Sport Events into the Organism of a Paris Metropolis,2024,0,Inzynieria Mineralna,Article,10.29227/IM-2024-02-48
Strategies used by international sports federations in the field of technology,2026,0,Frontiers in Sports and Active Living,Article,10.3389/fspor.2026.1726682
Fintech-driven sport event sponsorship: how commercial banks’ innovative marketing strategies shape destination branding and inclusive tourism,2026,0,Frontiers in Sports and Active Living,Review,10.3389/fspor.2026.1823565
Media-Driven Tourism: Nigeria’s National Female Football League as a Catalyst,2025,0,Nsukka Journal of the Humanities,Article,10.62250/nsuk.2025.33.3.36-52
The evolution of the entertainment sector in the metaverse: the case of sports event management,2026,0,Journal of Intellectual Capital,Article,10.1108/JIC-10-2024-0313
"Sport Tourism, Event Tourism, and Accessible Tourism Making Students Be Ready to Grab New Courses",2024,0,Springer International Handbooks of Education,Book chapter,10.1007/978-981-97-4318-6_38
Digital technologies as enablers of open innovation in sports tourism: mapping competing innovation narratives in Iran through Q methodology,2026,0,Tourism Recreation Research,Article,10.1080/02508281.2026.2690985
F-TransR: A sports event revenue prediction model integrating multi-modal and time-series data,2025,0,PLOS ONE,Article,10.1371/journal.pone.0327459
Industrialization and innovation strategy of event resources in ice and snow sports under the background of big data,2024,0,MCB Molecular and Cellular Biomechanics,Article,10.62617/mcb406
A product service system design for fitness activities based on active ageing a proposal of fitness for xishan style council,2015,0,Lecture Notes in Computer Science (including subseries Lecture Notes in Artificial Intelligence and Lecture Notes in Bioinformatics),Conference paper,10.1007/978-3-319-20907-4_7
Challenges and opportunities to improve environmental sustainability in sport: systematic literature review,2025,0,Managing Sport and Leisure,Article,10.1080/23750472.2025.2561983
The impact of sport events on the brand image of the country–focusing on mega-events: Signaling nation brand value through sport events in a comparative analysis of Hungarian and international cases,2026,0,Journal of Convention and Event Tourism,Article,10.1080/15470148.2026.2707967
Acceptance of Digital Sports: A Study Showing the Rising Acceptance of Digital Health Activities Based on Deep Learning,2022,0,Journal of Commercial Biotechnology,Article,10.5912/jcb1331
A Study on the Evaluation of the Effect of Theme Songs in Sports Events: The Construction of Index System,2024,0,Lecture Notes on Data Engineering and Communications Technologies,Book chapter,10.1007/978-981-97-5098-6_49
"Research on Rural Zero-Carbon Sports Events Based on Remote Sensing Big Data and Carbon Footprint: Assessment with Evidence from the ""Village Super League""(Cun Chao) in Rongjiang County, Guizhou Province",2025,0,"Proceedings of 2025 5th International Symposium on Artificial Intelligence and Big Data, AIBDF 2025",Conference paper,10.1109/AIBDF67964.2025.11440737
Comparative review on the sports tourism research in Chinese and international journals: a bibliometric and content analysis,2025,0,Journal of Sport and Tourism,Article,10.1080/14775085.2025.2595959
The Olympic Agenda 2020 as a Tool for Promoting Sustainable Development through Sports:Organisational Innovation at the Forefront?,2026,0,"Olympic and Paralympic Sport in Transition: Innovation, Sustainability, and Future Directions",Book chapter,10.4324/9781003669821-14
Impacts of major sports events on air pollution in host cities: A case study of the Nanjing Youth Olympic games,2025,0,Urban Climate,Article,10.1016/j.uclim.2025.102569
Didactic principles from alternative sports: the voice of educators working in non-formal settings; [Principios Didácticos desde los deportes alternativos: la voz de educadores que trabajan en espacios no formales],2026,0,Sport TK,Article,10.6018/sportk.644241
Host cities and sport federations’ perceptions of a national bundled sport event–more than meets the eye,2025,0,Managing Sport and Leisure,Article,10.1080/23750472.2025.2495149
Ecological sports tourism based on multi population evolutionary algorithm and entrepreneurship environment for sustainable development,2025,0,Scientific Reports,Article,10.1038/s41598-025-11669-5
"Broadcasting Sports Events in India: An Interplay of Artificial Intelligence, Engineering and Sports",2025,0,"2025 International Conference on Computational Engineering, Sensing Technology and Management, ICCETM 2025",Conference paper,10.1109/ICCETM66557.2025.11557630
Data Analytics in Sport Science—Current Applications and Opportunities in an Unexplored Frontiers,2026,0,Lecture Notes in Bioengineering,Conference paper,10.1007/978-981-95-0804-4_36
Analysis of Motion Vectors in Ultra-High-Speed Video for Basketball Game Video Frames,2025,0,"Proceedings of the International Conference on Multi-Agent Systems for Collaborative Intelligence, ICMSCI 2025",Conference paper,10.1109/ICMSCI62561.2025.10893900
Decoding Innovation Growth: An Explainable AI Analysis of How Mega Sport Events Transform Financial Landscapes and Sustainability Metrics,2025,0,Procedia Computer Science,Conference paper,10.1016/j.procs.2025.09.381
Kayak Boy: an entrepreneurial venture in a blue ocean industry,2024,0,Emerald Emerging Markets Case Studies,Article,10.1108/EEMCS-08-2023-0297
The Application of Mixed Reality in Sports Event Broadcasting,2023,0,"2023 International Conference on Consumer Electronics - Taiwan, ICCE-Taiwan 2023 - Proceedings",Conference paper,10.1109/ICCE-Taiwan58799.2023.10226786
Residents' needs and perspectives on the European City of science: A study of Katowice,2025,0,Technological Forecasting and Social Change,Article,10.1016/j.techfore.2025.124103
Enhancing Volunteer Management Using Preference Matching Algorithm,2026,0,Lecture Notes in Bioengineering,Conference paper,10.1007/978-981-95-0804-4_18
EXPLORING THE IMPACT OF NEW TECHNOLOGIES ON SPORT TOURISM: A COMPREHENSIVE REVIEW,2025,0,Polish Journal of Sport and Tourism,Review,10.2478/pjst-2025-0014
The impact of the Beijing winter olympics on green technology innovation: an analysis using the synthetic control method,2025,0,"Environment, Development and Sustainability",Article,10.1007/s10668-025-06824-x
Establishment and Application of Taekwondo Intelligent Learning and Skill Analysis Based on Sensor Technology in the Context of Big Data,2026,0,International Journal of Humanoid Robotics,Article,10.1142/S0219843626400207
Necessity is the Mother of Innovation—Crisis as a Catalyst for Line Extension in Sports Events,2026,0,International Journal of Tourism Research,Article,10.1002/jtr.70265
Stadium operations,2024,0,"Encyclopedia of Sport Management, Second Edition",Book chapter,10.4337/9781035317189.ch541
Understanding the dynamics shaping sports tourism ventures: a mixed method approach,2025,0,International Journal of Globalisation and Small Business,Article,10.1504/IJGSB.2025.152478
Influence of Perceived Value and Innovation on the Propensity to Use Sports Tourism Websites among University Students: The Moderating Effects of Age and Education,2021,0,Asian Journal of University Education,Article,10.24191/ajue.v17i4.16186
"Customer value, regional resources, and ICT adaptation: An integrated view and case studies in in-depth tourism",2008,0,"Proceedings of the 4th IEEE International Conference on Management of Innovation and Technology, ICMIT",Conference paper,10.1109/ICMIT.2008.4654480
Innovative Analysis of Sports Competition Training Integrating Interactive Digital Media,2023,0,"Lecture Notes of the Institute for Computer Sciences, Social-Informatics and Telecommunications Engineering, LNICST",Conference paper,10.1007/978-3-031-23947-2_18
Olympics and Economy: Paris 2024,2025,0,"SACI, IEEE International Symposium on Applied Computational Intelligence and Informatics",Conference paper,10.1109/SACI66288.2025.11030108
"TECHNOLOGY, SPORT VENUES, AND EVENT MANAGEMENT",2025,0,"Technology, Sport and Recreation",Book chapter,10.4324/9781003588405-16
Destination Marketing and Sport: A Bibliometric Review,2025,0,Cases on Effective Destination Management,Book chapter,10.4018/979-8-3693-1548-4.ch008
PM2.5 Density Prediction Based on a Two-Stage Rolling Forecast Model Using LightGBM,2021,0,Communications in Computer and Information Science,Conference paper,10.1007/978-981-16-8885-0_19
Dance event aesthetic and aesthetic education value analysis,2016,0,Journal of Computational and Theoretical Nanoscience,Article,10.1166/jctn.2016.6217
The Influence of TQM and Innovation on Perceived Financial Performance in Sport and Recreation Industry,2024,0,Springer Proceedings in Business and Economics,Conference paper,10.1007/978-3-031-54342-5_34
Research on the integrated development of stadiums and stadiums under the background of 'Internet +',2021,0,"Proceedings - 2021 International Conference on Computer Engineering and Artificial Intelligence, ICCEAI 2021",Conference paper,10.1109/ICCEAI52939.2021.00036
Large-scale sports events optimization management based on value chain,2012,0,Advances in Intelligent and Soft Computing,Conference paper,10.1007/978-3-642-11276-8_91
Realization of safety technology of the network system server in sports event,2010,0,"Proceedings - 3rd International Conference on Information Management, Innovation Management and Industrial Engineering, ICIII 2010",Conference paper,10.1109/ICIII.2010.562
