term,mean_tfidf
tourism,0.07679580233407826
event,0.06677807901178397
sport tourism,0.04693345986462529
sport event,0.0428027314409369
development,0.04009610573638544
technology,0.03462898291506687
management,0.033454323706231984
model,0.029338042608748192
social,0.029300027146559132
industry,0.02601833309305287
market,0.02514702687187161
digital,0.024255449237036732
city,0.0214922144332659
olympic,0.020934017572563596
game,0.020905946927720458
destination,0.02089659914024629
entrepreneurship,0.01999155222836048
network,0.019314293124417233
sustainable,0.018466958831628088
economic,0.018306704379726965
strategy,0.017816933890312334
sustainability,0.017422053017967908
community,0.01615868092384843
policy,0.016035564502406816
international,0.015714047094788776
service,0.015552505711754823
value,0.015375044363899314
environmental,0.015163033895388076
experience,0.014997233798528693
cultural,0.014962596691539945
business,0.014921733822123875
olympic game,0.014800784190756597
performance,0.01470183991265975
develop,0.014591511485557712
sector,0.014342138220574828
public,0.014130307221819518
tourist,0.014029837464807916
activity,0.013682054729243545
framework,0.01336797859004014
brand,0.01320084595158745
green,0.013026019122513003
china,0.012934510621988712
sport industry,0.012933019383241262
technological,0.012898605976000293
human,0.012809757828482846
sport management,0.01274525884537372
fan,0.012727784452054563
carbon,0.012655340117812202
participation,0.012581657448506483
host,0.012496423113375711
