year,n_year,n_rest,n_terms_z_gt3,n_terms_z_gt5,mean_abs_z,n_emerging_terms,emerging_examples
2012,44,2221,40,3,0.644,1662,"ability, abroad, accessibility, accessible, accompany, accordingly, accurate, achievement"
2014,61,2204,25,0,0.637,1559,"aboriginal, absence, accelerate, accessible, accompany, accuracy, acquisition, actionable"
2015,56,2209,14,1,0.606,1589,"abroad, accelerate, acceptance, accompany, accuracy, acquisition, actionable, actionable insight"
2016,62,2203,34,0,0.648,1393,"aboriginal, abroad, absence, accelerate, acceptance, accessible, accompany, accuracy"
2017,84,2181,15,1,0.639,1317,"abroad, absence, accelerate, accessibility, accommodation, accuracy, acknowledge, acquisition"
2018,72,2193,17,0,0.656,1302,"aboriginal, acceptance, accessibility, accompany, accordingly, accuracy, accurate, achievement"
2019,90,2175,23,0,0.67,1111,"aboriginal, abroad, absence, accessibility, accessible, accordingly, achievement, acquire"
2020,136,2129,16,0,0.694,785,"aboriginal, accessible, accordingly, accuracy, actionable, actionable insight, adaptability, adaptive"
2021,174,2091,16,0,0.731,589,"aboriginal, acceptance, acquisition, actionable insight, actor network, add value, address challenge, adoption tourism"
2022,177,2088,20,0,0.735,515,"aboriginal, actionable, actionable insight, adaptive, address gap, advance sustainable, agreement, agro"
2023,189,2076,9,0,0.709,514,"aboriginal, absence, accurate, acquire, acquisition, actionable insight, actor network, administration"
2024,286,1979,26,1,0.813,250,"aboriginal, acquire, actor network, adequate, adventure, adventure tourism, agreement, ai"
2025,344,1921,208,47,1.177,195,"aboriginal, acquire, actor network, add value, agro, agro tourism, alp, alpine"
