concept,community,degree_w,betweenness,eigenvector,freq,degree_rank,betweenness_rank,eigenvector_rank,closeness_distance,clustering,n_bridges
tourist,0,5.100854616972349,0.06429070580013976,0.217854787718348,381,5.0,1.0,5.0,7.713599240577189,0.08214346818255124,0
innovation,4,4.326775027721541,0.056603773584905655,0.18453628105599276,722,9.0,2.0,9.0,7.404108340358806,0.07557901410712298,0
environmental,1,2.4552743492097324,0.047519217330538085,0.1163204332599104,206,21.0,3.0,21.0,7.317437948216336,0.09758759152698708,0
sustainable development,1,4.665750287418044,0.04122990915443745,0.21711647382070454,418,6.0,4.0,6.0,7.26130577548045,0.09135663599053442,0
sport,4,0.8816956884718363,0.03773584905660377,0.01514245492953503,236,45.0,5.0,54.0,5.931916061197604,0.06724136505992089,1
management,0,4.43316504099626,0.034940600978336823,0.19473906731183704,481,7.0,6.0,7.0,7.363750076126839,0.08436584947789642,0
development,2,6.844003190732478,0.033542976939203356,0.32111573502113433,1775,2.0,7.0,2.0,7.307191631304998,0.08728109664618434,0
policy,3,2.0152808676306684,0.03214535290006988,0.09527182830244182,198,29.0,8.0,27.0,7.586073628978756,0.08960417106455561,0
community,2,3.936777120330149,0.030747728860936407,0.179672760580671,504,11.0,9.0,10.0,6.759978558097616,0.10059179782933506,0
model,4,1.5485591087754758,0.028651292802236196,0.07419485806513139,237,35.0,10.0,36.0,7.170517084617995,0.09815609190141092,0
economic,5,4.370220618279777,0.02795248078266946,0.17890954012071764,384,8.0,11.0,11.0,7.185049761874514,0.08286925184822069,0
plan,3,2.260516029335414,0.024458420684835776,0.0991159923908569,207,23.0,12.5,25.0,7.430449676587717,0.08551747906604777,0
development tourism,0,6.338276338310491,0.024458420684835776,0.2836984622281376,706,3.0,12.5,3.0,7.032357831475724,0.08953068425950764,0
social,2,2.999624875824214,0.023060796645702306,0.13775702378990637,322,19.0,14.0,17.0,7.045808684909569,0.09134279517035607,0
technology,4,1.4669984454477072,0.02236198462613557,0.052066008763130216,208,38.0,15.0,41.0,6.62519692703271,0.07957390780712437,0
destination,0,3.994195581601988,0.020964360587002094,0.18813161832047537,336,10.0,16.0,8.0,7.136642250797249,0.10355460198423794,0
ecotourism,1,3.6720109694822747,0.019566736547868623,0.17229697107538644,292,12.0,17.0,13.0,6.899338930153036,0.09591068637838729,0
sustainable tourism,1,3.5178360020393318,0.01816911250873515,0.17509317805171642,367,14.0,18.0,12.0,6.68339476883048,0.11053921327460865,0
sustainable,1,5.842106500573798,0.014675052410901467,0.2713412368409382,769,4.0,19.0,4.0,6.906773911522591,0.09886942563920338,0
market,0,2.6979872968388467,0.013277428371767994,0.11614666230417595,257,20.0,20.5,22.0,6.453894187934685,0.10912315239672998,0
industry,4,3.0205063641365273,0.013277428371767994,0.11209552669841333,303,18.0,20.5,23.0,7.024332478995474,0.0844181307807725,0
china,5,1.8991081747461467,0.012578616352201257,0.08543759193957756,225,30.0,22.0,32.0,6.9444530374256885,0.09354083478474232,0
tourism tourism,1,1.6045401441542664,0.011879804332634521,0.08951119537902434,230,33.0,23.0,30.0,7.062743066325204,0.10919448308980181,0
tourism development,2,6.9355359048377565,0.011180992313067784,0.322654946449802,1417,1.0,24.0,1.0,7.1095297004363776,0.0879296457083906,0
tourist destination,0,3.5420487545667876,0.010482180293501047,0.166345843751345,209,13.0,25.0,14.0,6.717513149778265,0.1167608044110649,0
economy,5,1.7987948848137183,0.009084556254367574,0.0771467488934895,193,31.0,26.0,35.0,6.959370618631091,0.09305565572756747,0
sector,4,0.7461486249049134,0.008385744234800839,0.023835591358541644,133,47.0,27.5,50.0,6.396404540536642,0.07653031057725462,0
local,3,3.509584666792534,0.008385744234800839,0.1511426766585292,370,15.0,27.5,16.0,6.866560063384913,0.09416064653656453,0
cultural,3,2.051926606345594,0.007686932215234102,0.10203501018126518,276,27.0,29.5,24.0,6.844656339999889,0.12122654425441376,0
tourism management,0,2.3596591714969883,0.007686932215234102,0.12316032713135251,214,22.0,29.5,19.0,6.58642101673797,0.12087682651224624,0
sustainability tourism,1,1.552950091938034,0.006988120195667365,0.08021088594415693,153,34.0,32.0,33.0,6.690584639355073,0.12588358113196443,0
local development,3,0.8845878100497516,0.006988120195667365,0.03618479965713823,133,44.0,32.0,46.0,6.230216282613459,0.11136453666107751,0
entrepreneur,2,1.4777864185633223,0.006988120195667365,0.059207802196018025,168,37.0,32.0,38.0,6.665025636697138,0.09846646075605756,0
economic development,5,1.2542300923719416,0.005590496156533892,0.06161551156479203,135,40.0,34.5,37.0,6.619298786782426,0.12343957690170211,0
tourism industry,4,1.488005297510918,0.005590496156533892,0.043416498161167945,147,36.0,34.5,43.0,6.457554895239085,0.08098724501966789,0
strategy,3,0.5529755191875805,0.004891684136967156,0.03080470154034551,167,53.0,36.0,48.0,6.250470726239162,0.11440005273702247,0
heritage,3,1.6687859009644583,0.0041928721174004195,0.087351601315885,234,32.0,37.0,31.0,6.433852167065539,0.13217012010456242,0
resource,0,0.9282278471795886,0.0034940600978336823,0.05447542804945298,149,43.0,39.0,40.0,6.439294927266079,0.13344586593193894,0
stakeholder,0,0.641248324284136,0.0034940600978336823,0.03714614242536255,144,49.0,39.0,45.0,6.257867559858843,0.12548242002917015,0
region,3,0.4674267564089777,0.0034940600978336823,0.015536448230735744,139,55.0,39.0,53.0,5.813676282451005,0.08810975172004636,0
digital,4,0.6757482607408256,0.002795248078266946,0.023455488087683628,155,48.0,41.5,51.0,5.921335743694442,0.09697916791861524,0
tourism market,0,2.0256040420228807,0.002795248078266946,0.09402655670233596,146,28.0,41.5,28.0,6.116393205157203,0.14738250987137297,0
regional,3,0.8290560439988318,0.0020964360587002098,0.0392036350997839,173,46.0,45.0,44.0,5.930601607243578,0.10686817086442549,0
tourism economics,5,2.127854713960572,0.0020964360587002098,0.09357804666391031,138,26.0,45.0,29.0,6.301130525061816,0.13289004446658956,0
economics,5,3.2328382045824307,0.0020964360587002098,0.134890479842653,218,16.0,45.0,18.0,6.813943500275942,0.10326831662532238,0
rural tourism,2,1.190043666074914,0.0020964360587002098,0.047937702198430784,163,42.0,45.0,42.0,6.051277309376724,0.12947573795231074,0
rural,2,2.252690483216535,0.0020964360587002098,0.09551141679304331,306,24.0,45.0,26.0,6.378882242007218,0.11536607800413912,0
innovation tourism,4,0.6035661219400036,0.001397624039133473,0.026526612767888282,142,50.0,49.0,49.0,5.862078815622741,0.11582521900777956,0
community development,2,2.2067895821689114,0.001397624039133473,0.1176095267039833,272,25.0,49.0,20.0,6.264080704464329,0.14061020848390132,0
sustainability,1,3.1559924254356786,0.001397624039133473,0.1532363954019429,339,17.0,49.0,15.0,6.381876350038469,0.1262626640008496,0
entrepreneurship,2,1.231247976028328,0.0006988120195667365,0.05473623281032777,251,41.0,51.0,39.0,5.937648401538758,0.13230581124526425,0
tourism sustainable,1,0.5747134368306285,0.0,0.032912636723578255,130,51.0,53.5,47.0,4.856372464645349,0.21299161354210314,0
development tourist,0,1.3967977837476993,0.0,0.08004869647733642,148,39.0,53.5,34.0,5.574969851418844,0.2323187355566961,0
service,4,0.5707720377197743,0.0,0.01788875140435675,131,52.0,53.5,52.0,5.42165177507157,0.10188277766997397,0
event,4,0.4789272030651341,0.0,0.0020085485911596774,150,54.0,53.5,55.0,1.5658328395338785,0.0,1
