top_n,jaccard_min,cooccurrence_min,n_nodes,n_edges,n_communities,modularity,density,bridge_overlap_top10_with_main
40,0.05,2,40,582,5,0.1178,0.7462,0.053
40,0.05,3,40,582,5,0.1178,0.7462,0.053
40,0.05,5,40,582,5,0.1178,0.7462,0.053
40,0.07,2,40,415,4,0.1504,0.5321,0.538
40,0.07,3,40,415,4,0.1504,0.5321,0.538
40,0.07,5,40,415,4,0.1504,0.5321,0.538
40,0.1,2,40,212,5,0.2165,0.2718,0.176
40,0.1,3,40,212,5,0.2165,0.2718,0.176
40,0.1,5,40,212,5,0.2165,0.2718,0.176
40,0.15,2,40,71,17,0.3621,0.091,0.25
40,0.15,3,40,71,17,0.3621,0.091,0.25
40,0.15,5,40,71,17,0.3621,0.091,0.25
55,0.05,2,55,898,4,0.1545,0.6047,0.053
55,0.05,3,55,898,4,0.1545,0.6047,0.053
55,0.05,5,55,898,4,0.1545,0.6047,0.053
55,0.07,2,55,543,6,0.2031,0.3657,1.0
55,0.07,3,55,543,6,0.2031,0.3657,1.0
55,0.07,5,55,543,6,0.2031,0.3657,1.0
55,0.1,2,55,246,9,0.3116,0.1657,0.25
55,0.1,3,55,246,9,0.3116,0.1657,0.25
55,0.1,5,55,246,9,0.3116,0.1657,0.25
55,0.15,2,55,87,23,0.4835,0.0586,0.176
55,0.15,3,55,87,23,0.4835,0.0586,0.176
55,0.15,5,55,87,23,0.4835,0.0586,0.176
70,0.05,2,70,1124,5,0.1875,0.4654,0.176
70,0.05,3,70,1124,5,0.1875,0.4654,0.176
70,0.05,5,70,1124,5,0.1875,0.4654,0.176
70,0.07,2,70,600,7,0.256,0.2484,0.538
70,0.07,3,70,600,7,0.256,0.2484,0.538
70,0.07,5,70,600,7,0.256,0.2484,0.538
70,0.1,2,70,262,17,0.347,0.1085,0.25
70,0.1,3,70,262,17,0.347,0.1085,0.25
70,0.1,5,70,262,17,0.347,0.1085,0.25
70,0.15,2,70,96,33,0.5464,0.0398,0.176
70,0.15,3,70,96,33,0.5464,0.0398,0.176
70,0.15,5,70,96,33,0.5464,0.0398,0.176
90,0.05,2,90,1366,6,0.2015,0.3411,0.176
90,0.05,3,90,1366,6,0.2015,0.3411,0.176
90,0.05,5,90,1366,6,0.2015,0.3411,0.176
90,0.07,2,90,664,9,0.2866,0.1658,0.538
90,0.07,3,90,664,9,0.2866,0.1658,0.538
90,0.07,5,90,664,9,0.2866,0.1658,0.538
90,0.1,2,90,289,25,0.3994,0.0722,0.25
90,0.1,3,90,289,25,0.3994,0.0722,0.25
90,0.1,5,90,289,25,0.3994,0.0722,0.25
90,0.15,2,90,104,47,0.589,0.026,0.176
90,0.15,3,90,104,47,0.589,0.026,0.176
90,0.15,5,90,104,47,0.589,0.026,0.176
