construct,n,pct
any innovation term,1349,59.56
any entrepreneurship term,478,21.1
explicit 'social innovation' phrase,38,1.68
community / local development or social entrepreneurship,849,37.48
sport term,357,15.76
'tourism development' phrase,2025,89.4
innovation AND entrepreneurship,161,7.11
innovation AND community/local,161,7.11
entrepreneurship AND community/local,136,6.0
innovation AND entrepreneurship AND community/local,44,1.94
innovation AND entrepreneurship AND sport,23,1.02
"all three of innovation, entrepreneurship, community/local AND sport",4,0.18
"at least two of {innovation, entrepreneurship, community/local}",370,16.34
