k,recon_error,umass_coherence,topic_diversity,delta_error_pct,cum_error_reduction_pct,stability_top15_mean,stability_top15_sd,stability_top15_min,stability_frac_above_0.5
3,46.050949660495,-2.9824,0.9333,,0.0,1.0,0.0,1.0,1.0
4,45.840220497945715,-2.8722,0.95,0.46,0.46,0.849,0.26,0.2,0.8
5,45.66342813291868,-2.7878,0.94,0.39,0.84,1.0,0.0,1.0,1.0
6,45.5116791153094,-2.7476,0.9333,0.33,1.17,1.0,0.0,1.0,1.0
7,45.36686032721837,-2.6583,0.9286,0.32,1.49,0.873,0.22,0.2,0.886
8,45.23135868766411,-2.6616,0.925,0.3,1.78,0.824,0.243,0.154,0.912
9,45.10332571919092,-2.6398,0.9333,0.28,2.06,0.733,0.274,0.154,0.822
10,44.97774153622019,-2.6112,0.89,0.28,2.33,0.769,0.276,0.111,0.84
11,44.86116687790846,-2.5886,0.8909,0.26,2.58,0.778,0.261,0.111,0.855
12,44.7427088971267,-2.5279,0.8833,0.26,2.84,0.837,0.257,0.111,0.842
13,44.63547556808578,-2.46,0.8692,0.24,3.07,0.704,0.275,0.034,0.7
14,44.53615224080622,-2.4535,0.8571,0.22,3.29,0.716,0.282,0.111,0.671
15,44.43595849000396,-2.4198,0.8667,0.22,3.51,0.724,0.275,0.071,0.747
16,44.341789552435024,-2.4032,0.875,0.21,3.71,0.733,0.271,0.034,0.787
