doi,status,title,journal,volume,issue,page,article_number,year,type,publisher,authors,n_authors,note
10.1016/j.joi.2017.08.007,OK,bibliometrix : An R-tool for comprehensive science mapping analysis,Journal of Informetrics,11,4,959-975,,2017.0,journal-article,Elsevier BV,"Aria, Massimo; Cuccurullo, Corrado",2.0,
10.1007/s11192-024-05161-6,OK,Comparative science mapping: a novel conceptual structure analysis with metadata,Scientometrics,129,11,7055-7081,,2024.0,journal-article,Springer Science and Business Media LLC,"Aria, Massimo; Cuccurullo, Corrado; D’Aniello, Luca; Misuraca, Michelangelo; Spano, Maria",5.0,
10.1088/1742-5468/2008/10/P10008,OK,Fast unfolding of communities in large networks,Journal of Statistical Mechanics: Theory and Experiment,2008,10,P10008,,2008.0,journal-article,IOP Publishing,"Blondel, Vincent D; Guillaume, Jean-Loup; Lambiotte, Renaud; Lefebvre, Etienne",4.0,
10.1016/j.tourman.2023.104724,OK,Metaverse as a disruptive technology revolutionising tourism management and marketing,Tourism Management,97,,104724,104724,2023.0,journal-article,Elsevier BV,"Buhalis, Dimitrios; Leung, Daniel; Lin, Michael",3.0,
10.1108/IJCHM-04-2022-0497,OK,Smart hospitality: from smart cities and smart tourism towards agile business ecosystems in networked destinations,International Journal of Contemporary Hospitality Management,35,1,369-393,,2022.0,journal-article,Emerald,"Buhalis, Dimitrios; O’Connor, Peter; Leung, Rosanna",3.0,
10.1016/j.jbusres.2021.04.070,OK,How to conduct a bibliometric analysis: An overview and guidelines,Journal of Business Research,133,,285-296,,2021.0,journal-article,Elsevier BV,"Donthu, Naveen; Kumar, Satish; Mukherjee, Debmalya; Pandey, Nitesh; Lim, Weng Marc",5.0,
10.3389/fsoc.2022.886498,OK,"A Topic Modeling Comparison Between LDA, NMF, Top2Vec, and BERTopic to Demystify Twitter Posts",Frontiers in Sociology,7,,,886498,2022.0,journal-article,Frontiers Media SA,"Egger, Roman; Yu, Joanne",2.0,
10.1080/09669582.2023.2189622,OK,Opportunities and challenges of digital competencies for women tourism entrepreneurs in Latin America: a gendered perspective,Journal of Sustainable Tourism,32,3,519-539,,2023.0,journal-article,Informa UK Limited,"Khoo, Catheryn; Yang, Elaine Chiao Ling; Tan, Rosalie Ying Yang; Alonso-Vazquez, Marisol; Ricaurte-Quijano, Carla; Pécot, Mathias; Barahona-Canales, Doménica",7.0,
10.1016/j.tourman.2016.03.003,OK,Thanatourism: Case studies in travel to the dark side,Tourism Management,55,,287-288,,2016.0,journal-article,Elsevier BV,"Light, Duncan",1.0,
10.3390/su12125209,OK,Sustainable Sport Entrepreneurship and Innovation: A Bibliometric Analysis of This Emerging Field of Research,Sustainability,12,12,5209,,2020.0,journal-article,MDPI AG,"González-Serrano, María Huertas; Añó Sanz, Vicente; González-García, Rómulo Jacobo",3.0,
10.1007/s12525-025-00847-y,OK,AI-powered smart tourism 2.0: A 10-year retrospective and updated model,Electronic Markets,35,1,,108,2025.0,journal-article,Springer Science and Business Media LLC,"Koo, Chulmo; Shin, Seunghun; Gretzel, Ulrike; Xiang, Zheng",4.0,
10.1177/09708464251335116,OK,Research Lines on Social Entrepreneurship and Tourism: A Text Mining Analysis,"SEDME (Small Enterprises Development, Management &amp; Extension Journal): A worldwide window on MSME Studies",52,2,211-225,,2025.0,journal-article,SAGE Publications,"Kumari, Manisha",1.0,
10.1007/s40497-024-00399-z,OK,Mapping the landscape: a comprehensive bibliometric analysis of literature on entrepreneurship in tourism (2013–2023),Journal of Global Entrepreneurship Research,14,1,,29,2024.0,journal-article,Springer Science and Business Media LLC,"Mumtaz, Uzma; Faisal, Mohammad",2.0,
10.46827/ejsss.v9i3.1610,OK,RESEARCH TRENDS ON COMMUNITY-BASED TOURISM IN THE PERIOD 2013 - 2023,European Journal of Social Sciences Studies,9,3,,,2023.0,journal-article,Open Access Publishing Group,"Phuong, Nguyen Thi Huynh; Ba, Nguyen Thi Be; Quyen, Le Thi To; Tien, Ly My; Lan, Mai Thi Kieu",5.0,
10.3389/fspor.2025.1680229,OK,Cultural heritage and sports tourism: a systematic literature review of sustainable destination management practices,Frontiers in Sports and Active Living,7,,,1680229,2025.0,journal-article,Frontiers Media SA,"Rangkuti, Yoki Afriandy; Bangun, Arti Kurniaty; Kurniawan, Rizkei; Ilham, Zulpikar; Hasibuan, Sanusi; Tambunan, Try Marta Br; Silitonga, Daniel Fransisco",7.0,
10.3390/admsci15040130,OK,Women’s Entrepreneurship in the Tourism Industry: A Bibliometric Study,Administrative Sciences,15,4,130,,2025.0,journal-article,MDPI AG,"Rodríguez-Vera, Ainhoa del Pino; Rando-Cueto, Dolores; de las Heras Pedrosa, Carlos",3.0,
10.1371/journal.pone.0296659,OK,Protective and risk factors of mental health of working age adults with adventitious total bilateral blindness and low vision: A scoping review protocol,PLOS ONE,19,1,e0296659,,2024.0,journal-article,Public Library of Science (PLoS),"Dike, Nneoma; D’Ambruoso, Lucia; Morgan, Heather May; Skea, Zoë; Tarburn, Emma-Louise",5.0,
10.1016/j.jdmm.2025.101004,OK,Sport destination competitiveness and attractiveness: Scale development and validation,Journal of Destination Marketing &amp; Management,37,,101004,101004,2025.0,journal-article,Elsevier BV,"Moradi, Erfan; Norouzi Seyed Hossini, Rasool",2.0,
10.1016/j.heliyon.2024.e25627,OK,How has rural tourism influenced the sustainable development of traditional villages? A systematic literature review,Heliyon,10,4,e25627,e25627,2024.0,journal-article,Elsevier BV,"Yanan, Li; Ismail, Muhammad Azzam; Aminuddin, Asrul",3.0,
10.1016/j.jdmm.2023.100850,OK,"Attracting digital nomads: Smart destination strategies, innovation and competitiveness",Journal of Destination Marketing &amp; Management,31,,100850,100850,2024.0,journal-article,Elsevier BV,"Zhou, Lingxu; Buhalis, Dimitrios; Fan, Daisy X.F.; Ladkin, Adele; Lian, Xiao",5.0,
10.1002/(SICI)1099-0526(19980805/06)17:5/6<295::AID-CEM932>3.0.CO;2-P,ERROR,,,,,,,,,,,,HTTPError
10.1016/j.joi.2010.08.010,ERROR,,,,,,,,,,,,HTTPError
10.1016/j.jbusres.2018.04.011,OK,Online recruitment in Portugal: Theories and candidate profiles,Journal of Business Research,94,,273-279,,2019.0,journal-article,Elsevier BV,"Brandão, Catarina; Silva, Rita; dos Santos, Joana Vieira",3.0,
