term,early,late,delta
company,0.007380213800315239,0.003438279819729487,-0.003941933980585751
argue,0.006165700128270649,0.002146419287331614,-0.0040192808409390355
community tourism,0.011949650898497182,0.007769728774658061,-0.004179922123839121
park,0.009692465052199516,0.0054770888403476515,-0.004215376211851865
africa,0.010237172005849143,0.005881751888261453,-0.00435542011758769
social capital,0.006465361713226773,0.002035436156028493,-0.00442992555719828
mountain,0.009042676171039555,0.004591951682230485,-0.00445072448880907
project,0.012667304709004953,0.008193588969592148,-0.004473715739412805
csr,0.004499489975121429,0.0,-0.004499489975121429
innovation,0.03862572872010662,0.03408527286765762,-0.004540455852448999
tourism plan,0.00708128159351109,0.002470689347381132,-0.004610592246129959
small,0.011958774056583575,0.007068592620058251,-0.004890181436525324
destination,0.02827169496565952,0.02338073724810605,-0.004890957717553469
capital,0.011185132095321959,0.006200672387164805,-0.004984459708157154
community development,0.014687666132701548,0.009577620363497791,-0.005110045769203757
business,0.01844308355816913,0.013304338090681225,-0.005138745467487906
tourism development,0.031056149095064604,0.02573973073481039,-0.005316418360254215
south,0.011329782805194425,0.00594461548067248,-0.005385167324521945
firm,0.009531229565539074,0.004000096686152369,-0.005531132879386705
indigenous,0.011925452007362404,0.005318297383650288,-0.0066071546237121154
local,0.038706352386707964,0.03195770806813139,-0.006748644318576573
plan,0.020167510905658905,0.0116231577920271,-0.008544353113631805
development,0.06867692019441173,0.05968333855363778,-0.008993581640773948
network,0.019724590874496642,0.00888736760720484,-0.010837223267291802
community,0.054105309461690135,0.04020777139749991,-0.013897538064190224
