Year,0,1,2,3,4,5,6,7
2000,0.3333,0.0,0.1667,0.0,0.1667,0.0,0.1667,0.1667
2001,0.3333,0.0,0.0,0.3333,0.0,0.0,0.0,0.3333
2002,0.6,0.0,0.4,0.0,0.0,0.0,0.0,0.0
2003,0.1667,0.1667,0.3333,0.0,0.1667,0.0,0.0833,0.0833
2004,0.3333,0.0,0.4444,0.1111,0.0,0.0,0.1111,0.0
2005,0.1,0.0,0.7,0.0,0.0,0.0,0.1,0.1
2006,0.3333,0.0,0.4,0.0,0.0,0.0,0.0,0.2667
2007,0.2727,0.0909,0.3636,0.0909,0.0,0.0,0.0,0.1818
2008,0.44,0.0,0.24,0.0,0.12,0.0,0.04,0.16
2009,0.4118,0.0588,0.3529,0.0588,0.0,0.0,0.0588,0.0588
2010,0.3137,0.1176,0.1765,0.1176,0.0784,0.0,0.0588,0.1373
2011,0.3333,0.1429,0.2381,0.0952,0.0714,0.0,0.0476,0.0714
2012,0.2955,0.0909,0.2955,0.1136,0.1136,0.0227,0.0227,0.0455
2013,0.2692,0.0769,0.1538,0.0,0.1538,0.0,0.0385,0.3077
2014,0.3279,0.0492,0.2459,0.1148,0.1148,0.0328,0.0164,0.0984
2015,0.3393,0.1429,0.2321,0.0893,0.0893,0.0179,0.0179,0.0714
2016,0.2419,0.129,0.2581,0.0484,0.0806,0.0323,0.0161,0.1935
2017,0.2381,0.1548,0.1548,0.119,0.0595,0.0595,0.0952,0.119
2018,0.4722,0.0833,0.1667,0.0556,0.0417,0.0278,0.0278,0.125
2019,0.3333,0.0333,0.2,0.0556,0.1111,0.0444,0.0667,0.1556
2020,0.2647,0.1544,0.1397,0.0735,0.1176,0.0515,0.0441,0.1544
2021,0.2414,0.1437,0.2414,0.0402,0.0805,0.0805,0.046,0.1264
2022,0.2373,0.1073,0.1808,0.0734,0.0904,0.0847,0.0339,0.1921
2023,0.2063,0.1005,0.0847,0.0952,0.1376,0.0899,0.0423,0.2434
2024,0.1818,0.1084,0.1119,0.0455,0.0874,0.1538,0.0734,0.2378
2025,0.1134,0.093,0.064,0.0785,0.1337,0.1628,0.0523,0.3023
2026,0.1163,0.0698,0.062,0.1008,0.1512,0.1899,0.0465,0.2636
