year,n,digital,technology,green,environment,innovation,community,entrepreneur,sport,covid,smart,tourism
2015,56,0.00219,0.00788,0.00249,0.0049,0.04735,0.06437,0.01352,0.03531,0.0,0.0135,0.10672
2016,62,0.00148,0.00591,0.01248,0.01845,0.03115,0.07332,0.01443,0.04093,0.0,0.00615,0.1467
2017,84,0.00094,0.01147,0.0,0.00958,0.03686,0.05198,0.0159,0.03886,0.0,0.01621,0.1109
2018,72,0.00398,0.00975,0.00069,0.01296,0.04614,0.04622,0.016,0.02439,0.0,0.01058,0.1255
2019,90,0.00177,0.01039,0.01001,0.00792,0.04032,0.05252,0.02054,0.01117,0.0,0.01968,0.11987
2020,136,0.00648,0.01871,0.00456,0.01352,0.03184,0.04271,0.01885,0.0545,0.0057,0.01502,0.10965
2021,174,0.00335,0.02418,0.00899,0.01134,0.02788,0.0595,0.00997,0.0546,0.01594,0.0203,0.11112
2022,177,0.0063,0.02544,0.01104,0.00727,0.03167,0.05288,0.01232,0.03281,0.01095,0.01854,0.11914
2023,189,0.01647,0.013,0.01347,0.01246,0.03908,0.03451,0.0117,0.03239,0.02157,0.00832,0.12407
2024,286,0.03764,0.02201,0.01529,0.00979,0.0427,0.03624,0.00956,0.04141,0.01301,0.00868,0.12424
2025,344,0.04488,0.03234,0.02334,0.00859,0.04398,0.03011,0.00737,0.03311,0.00611,0.01466,0.11576
2026,258,0.0493,0.02786,0.01182,0.01044,0.03811,0.03963,0.00949,0.0212,0.00294,0.0244,0.11688
